<?xml version="1.0" encoding="UTF-8"?>
<project-private xmlns="http://www.netbeans.org/ns/project-private/1">
    <editor-bookmarks xmlns="http://www.netbeans.org/ns/editor-bookmarks/2" lastBookmarkId="0"/>
    <open-files xmlns="http://www.netbeans.org/ns/projectui-open-files/2">
        <group>
            <file>file:/C:/Users/karabol7/OneDrive%20-%20Tshwane%20University%20of%20Technology/Documents/NetBeansProjects/StundentTempatureEJBModule/src/java/za/ac/tut/entities/StudentsTBL.java</file>
            <file>file:/C:/Users/karabol7/OneDrive%20-%20Tshwane%20University%20of%20Technology/Documents/NetBeansProjects/StundentTempatureEJBModule/src/java/za/ac/tut/entities/AdminTBL.java</file>
        </group>
    </open-files>
</project-private>
